lags,lags_label,params,mean_absolute_percentage_error,depth,iterations,l2_leaf_reg,learning_rate
[ 1  2  3  4  5  6  7  8  9 10 11 12 13 14],[ 1  2  3  4  5  6  7  8  9 10 11 12 13 14],"{'depth': 6, 'iterations': 500, 'l2_leaf_reg': 5.0, 'learning_rate': 0.1}",0.014569679264871982,6.0,500.0,5.0,0.1
[ 1  2  3  4  5  6  7  8  9 10 11 12 13 14 15 16 17 18 19 20 21],[ 1  2  3  4  5  6  7  8  9 10 11 12 13 14 15 16 17 18 19 20 21],"{'depth': 6, 'iterations': 1500, 'l2_leaf_reg': 3.0, 'learning_rate': 0.1}",0.014732888895673398,6.0,1500.0,3.0,0.1
[ 1  2  3  4  5  6  7  8  9 10 11 12 13 14],[ 1  2  3  4  5  6  7  8  9 10 11 12 13 14],"{'depth': 6, 'iterations': 500, 'l2_leaf_reg': 3.0, 'learning_rate': 0.1}",0.014747624170560554,6.0,500.0,3.0,0.1
[ 1  2  3  4  5  6  7  8  9 10 11 12 13 14],[ 1  2  3  4  5  6  7  8  9 10 11 12 13 14],"{'depth': 6, 'iterations': 1500, 'l2_leaf_reg': 3.0, 'learning_rate': 0.1}",0.014861385550713153,6.0,1500.0,3.0,0.1
[ 1  2  3  4  5  6  7  8  9 10 11 12 13 14],[ 1  2  3  4  5  6  7  8  9 10 11 12 13 14],"{'depth': 6, 'iterations': 1500, 'l2_leaf_reg': 5.0, 'learning_rate': 0.1}",0.014941971530954735,6.0,1500.0,5.0,0.1
[ 1  2  3  4  5  6  7  8  9 10 11 12 13 14],[ 1  2  3  4  5  6  7  8  9 10 11 12 13 14],"{'depth': 6, 'iterations': 1000, 'l2_leaf_reg': 5.0, 'learning_rate': 0.1}",0.014963112131075599,6.0,1000.0,5.0,0.1
[ 1  2  3  4  5  6  7  8  9 10 11 12 13 14],[ 1  2  3  4  5  6  7  8  9 10 11 12 13 14],"{'depth': 10, 'iterations': 1000, 'l2_leaf_reg': 3.0, 'learning_rate': 0.1}",0.015030756187432884,10.0,1000.0,3.0,0.1
[ 1  2  3  4  5  6  7  8  9 10 11 12 13 14],[ 1  2  3  4  5  6  7  8  9 10 11 12 13 14],"{'depth': 10, 'iterations': 1500, 'l2_leaf_reg': 3.0, 'learning_rate': 0.1}",0.015184489881690638,10.0,1500.0,3.0,0.1
[ 1  2  3  4  5  6  7  8  9 10 11 12 13 14],[ 1  2  3  4  5  6  7  8  9 10 11 12 13 14],"{'depth': 10, 'iterations': 500, 'l2_leaf_reg': 3.0, 'learning_rate': 0.1}",0.015198268043311704,10.0,500.0,3.0,0.1
[ 1  2  3  4  5  6  7  8  9 10 11 12 13 14],[ 1  2  3  4  5  6  7  8  9 10 11 12 13 14],"{'depth': 6, 'iterations': 1000, 'l2_leaf_reg': 3.0, 'learning_rate': 0.1}",0.01527682658224115,6.0,1000.0,3.0,0.1
[ 1  2  3  4  5  6  7  8  9 10 11 12 13 14 15 16 17 18 19 20 21],[ 1  2  3  4  5  6  7  8  9 10 11 12 13 14 15 16 17 18 19 20 21],"{'depth': 6, 'iterations': 1000, 'l2_leaf_reg': 3.0, 'learning_rate': 0.1}",0.015276931244224103,6.0,1000.0,3.0,0.1
[ 1  2  3  4  5  6  7  8  9 10 11 12 13 14 15 16 17 18 19 20 21],[ 1  2  3  4  5  6  7  8  9 10 11 12 13 14 15 16 17 18 19 20 21],"{'depth': 6, 'iterations': 500, 'l2_leaf_reg': 3.0, 'learning_rate': 0.1}",0.015483701316731924,6.0,500.0,3.0,0.1
[1 2 3 4 5 6 7],[1 2 3 4 5 6 7],"{'depth': 6, 'iterations': 1000, 'l2_leaf_reg': 5.0, 'learning_rate': 0.1}",0.015614609732072697,6.0,1000.0,5.0,0.1
[1 2 3 4 5 6 7],[1 2 3 4 5 6 7],"{'depth': 6, 'iterations': 1500, 'l2_leaf_reg': 5.0, 'learning_rate': 0.1}",0.015636128936164808,6.0,1500.0,5.0,0.1
[ 1  2  3  4  5  6  7  8  9 10 11 12 13 14 15 16 17 18 19 20 21],[ 1  2  3  4  5  6  7  8  9 10 11 12 13 14 15 16 17 18 19 20 21],"{'depth': 6, 'iterations': 1500, 'l2_leaf_reg': 5.0, 'learning_rate': 0.1}",0.0161784719087698,6.0,1500.0,5.0,0.1
[1 2 3 4 5 6 7],[1 2 3 4 5 6 7],"{'depth': 6, 'iterations': 500, 'l2_leaf_reg': 5.0, 'learning_rate': 0.1}",0.016270863847896076,6.0,500.0,5.0,0.1
[ 1  2  3  4  5  6  7  8  9 10 11 12 13 14 15 16 17 18 19 20 21],[ 1  2  3  4  5  6  7  8  9 10 11 12 13 14 15 16 17 18 19 20 21],"{'depth': 6, 'iterations': 500, 'l2_leaf_reg': 5.0, 'learning_rate': 0.1}",0.016777644294228636,6.0,500.0,5.0,0.1
[ 1  2  3  4  5  6  7  8  9 10 11 12 13 14 15 16 17 18 19 20 21],[ 1  2  3  4  5  6  7  8  9 10 11 12 13 14 15 16 17 18 19 20 21],"{'depth': 2, 'iterations': 500, 'l2_leaf_reg': 1.0, 'learning_rate': 0.1}",0.016856910548210306,2.0,500.0,1.0,0.1
[ 1  2  3  4  5  6  7  8  9 10 11 12 13 14 15 16 17 18 19 20 21],[ 1  2  3  4  5  6  7  8  9 10 11 12 13 14 15 16 17 18 19 20 21],"{'depth': 6, 'iterations': 1000, 'l2_leaf_reg': 5.0, 'learning_rate': 0.1}",0.017023507527306348,6.0,1000.0,5.0,0.1
[1 2 3 4 5 6 7],[1 2 3 4 5 6 7],"{'depth': 2, 'iterations': 500, 'l2_leaf_reg': 1.0, 'learning_rate': 0.1}",0.01709469940391815,2.0,500.0,1.0,0.1
[ 1  2  3  4  5  6  7  8  9 10 11 12 13 14 15 16 17 18 19 20 21],[ 1  2  3  4  5  6  7  8  9 10 11 12 13 14 15 16 17 18 19 20 21],"{'depth': 2, 'iterations': 1000, 'l2_leaf_reg': 1.0, 'learning_rate': 0.1}",0.017187080763037002,2.0,1000.0,1.0,0.1
[1 2 3 4 5 6 7],[1 2 3 4 5 6 7],"{'depth': 2, 'iterations': 1500, 'l2_leaf_reg': 1.0, 'learning_rate': 0.1}",0.017221491910177904,2.0,1500.0,1.0,0.1
[ 1  2  3  4  5  6  7  8  9 10 11 12 13 14 15 16 17 18 19 20 21],[ 1  2  3  4  5  6  7  8  9 10 11 12 13 14 15 16 17 18 19 20 21],"{'depth': 2, 'iterations': 1500, 'l2_leaf_reg': 1.0, 'learning_rate': 0.1}",0.017351367393987325,2.0,1500.0,1.0,0.1
[ 1  2  3  4  5  6  7  8  9 10 11 12 13 14],[ 1  2  3  4  5  6  7  8  9 10 11 12 13 14],"{'depth': 6, 'iterations': 1500, 'l2_leaf_reg': 1.0, 'learning_rate': 0.1}",0.01747883755369678,6.0,1500.0,1.0,0.1
[ 1  2  3  4  5  6  7  8  9 10 11 12 13 14 15 16 17 18 19 20 21],[ 1  2  3  4  5  6  7  8  9 10 11 12 13 14 15 16 17 18 19 20 21],"{'depth': 2, 'iterations': 500, 'l2_leaf_reg': 3.0, 'learning_rate': 0.1}",0.017506337764205897,2.0,500.0,3.0,0.1
[ 1  2  3  4  5  6  7  8  9 10 11 12 13 14 15 16 17 18 19 20 21],[ 1  2  3  4  5  6  7  8  9 10 11 12 13 14 15 16 17 18 19 20 21],"{'depth': 2, 'iterations': 1000, 'l2_leaf_reg': 3.0, 'learning_rate': 0.1}",0.01752097018169431,2.0,1000.0,3.0,0.1
[ 1  2  3  4  5  6  7  8  9 10 11 12 13 14],[ 1  2  3  4  5  6  7  8  9 10 11 12 13 14],"{'depth': 6, 'iterations': 500, 'l2_leaf_reg': 1.0, 'learning_rate': 0.1}",0.01761906921355957,6.0,500.0,1.0,0.1
[1 2 3 4 5 6 7],[1 2 3 4 5 6 7],"{'depth': 2, 'iterations': 1000, 'l2_leaf_reg': 1.0, 'learning_rate': 0.1}",0.01765989692640926,2.0,1000.0,1.0,0.1
[ 1  2  3  4  5  6  7  8  9 10 11 12 13 14 15 16 17 18 19 20 21],[ 1  2  3  4  5  6  7  8  9 10 11 12 13 14 15 16 17 18 19 20 21],"{'depth': 2, 'iterations': 1500, 'l2_leaf_reg': 3.0, 'learning_rate': 0.1}",0.017781002472859807,2.0,1500.0,3.0,0.1
[ 1  2  3  4  5  6  7  8  9 10 11 12 13 14],[ 1  2  3  4  5  6  7  8  9 10 11 12 13 14],"{'depth': 6, 'iterations': 1000, 'l2_leaf_reg': 1.0, 'learning_rate': 0.1}",0.01781557672239771,6.0,1000.0,1.0,0.1
[1 2 3 4 5 6 7],[1 2 3 4 5 6 7],"{'depth': 2, 'iterations': 1000, 'l2_leaf_reg': 3.0, 'learning_rate': 0.1}",0.017937440733089723,2.0,1000.0,3.0,0.1
[1 2 3 4 5 6 7],[1 2 3 4 5 6 7],"{'depth': 2, 'iterations': 500, 'l2_leaf_reg': 3.0, 'learning_rate': 0.1}",0.017967944544460816,2.0,500.0,3.0,0.1
[ 1  2  3  4  5  6  7  8  9 10 11 12 13 14],[ 1  2  3  4  5  6  7  8  9 10 11 12 13 14],"{'depth': 2, 'iterations': 500, 'l2_leaf_reg': 1.0, 'learning_rate': 0.1}",0.018113218385830448,2.0,500.0,1.0,0.1
[ 1  2  3  4  5  6  7  8  9 10 11 12 13 14 15 16 17 18 19 20 21],[ 1  2  3  4  5  6  7  8  9 10 11 12 13 14 15 16 17 18 19 20 21],"{'depth': 2, 'iterations': 500, 'l2_leaf_reg': 5.0, 'learning_rate': 0.1}",0.01828222360042899,2.0,500.0,5.0,0.1
[ 1  2  3  4  5  6  7  8  9 10 11 12 13 14 15 16 17 18 19 20 21],[ 1  2  3  4  5  6  7  8  9 10 11 12 13 14 15 16 17 18 19 20 21],"{'depth': 10, 'iterations': 500, 'l2_leaf_reg': 3.0, 'learning_rate': 0.1}",0.01828760671365899,10.0,500.0,3.0,0.1
[ 1  2  3  4  5  6  7  8  9 10 11 12 13 14 15 16 17 18 19 20 21],[ 1  2  3  4  5  6  7  8  9 10 11 12 13 14 15 16 17 18 19 20 21],"{'depth': 10, 'iterations': 1000, 'l2_leaf_reg': 3.0, 'learning_rate': 0.1}",0.018332697205096646,10.0,1000.0,3.0,0.1
[ 1  2  3  4  5  6  7  8  9 10 11 12 13 14],[ 1  2  3  4  5  6  7  8  9 10 11 12 13 14],"{'depth': 2, 'iterations': 500, 'l2_leaf_reg': 5.0, 'learning_rate': 0.1}",0.018369000971193084,2.0,500.0,5.0,0.1
[1 2 3 4 5 6 7],[1 2 3 4 5 6 7],"{'depth': 2, 'iterations': 1500, 'l2_leaf_reg': 3.0, 'learning_rate': 0.1}",0.018390286291140142,2.0,1500.0,3.0,0.1
[ 1  2  3  4  5  6  7  8  9 10 11 12 13 14],[ 1  2  3  4  5  6  7  8  9 10 11 12 13 14],"{'depth': 2, 'iterations': 1000, 'l2_leaf_reg': 5.0, 'learning_rate': 0.1}",0.018390451152556265,2.0,1000.0,5.0,0.1
[ 1  2  3  4  5  6  7  8  9 10 11 12 13 14],[ 1  2  3  4  5  6  7  8  9 10 11 12 13 14],"{'depth': 2, 'iterations': 1000, 'l2_leaf_reg': 3.0, 'learning_rate': 0.1}",0.018409544061061014,2.0,1000.0,3.0,0.1
[1 2 3 4 5 6 7],[1 2 3 4 5 6 7],"{'depth': 2, 'iterations': 1500, 'l2_leaf_reg': 5.0, 'learning_rate': 0.1}",0.018432062717188707,2.0,1500.0,5.0,0.1
[ 1  2  3  4  5  6  7  8  9 10 11 12 13 14],[ 1  2  3  4  5  6  7  8  9 10 11 12 13 14],"{'depth': 2, 'iterations': 500, 'l2_leaf_reg': 3.0, 'learning_rate': 0.1}",0.018457678500511186,2.0,500.0,3.0,0.1
[ 1  2  3  4  5  6  7  8  9 10 11 12 13 14],[ 1  2  3  4  5  6  7  8  9 10 11 12 13 14],"{'depth': 2, 'iterations': 1500, 'l2_leaf_reg': 3.0, 'learning_rate': 0.1}",0.0185138965685944,2.0,1500.0,3.0,0.1
[ 1  2  3  4  5  6  7  8  9 10 11 12 13 14 15 16 17 18 19 20 21],[ 1  2  3  4  5  6  7  8  9 10 11 12 13 14 15 16 17 18 19 20 21],"{'depth': 2, 'iterations': 1000, 'l2_leaf_reg': 5.0, 'learning_rate': 0.1}",0.01855850641390895,2.0,1000.0,5.0,0.1
[ 1  2  3  4  5  6  7  8  9 10 11 12 13 14 15 16 17 18 19 20 21],[ 1  2  3  4  5  6  7  8  9 10 11 12 13 14 15 16 17 18 19 20 21],"{'depth': 2, 'iterations': 1500, 'l2_leaf_reg': 5.0, 'learning_rate': 0.1}",0.018578012988278308,2.0,1500.0,5.0,0.1
[1 2 3 4 5 6 7],[1 2 3 4 5 6 7],"{'depth': 6, 'iterations': 1500, 'l2_leaf_reg': 3.0, 'learning_rate': 0.1}",0.01858556004742754,6.0,1500.0,3.0,0.1
[1 2 3 4 5 6 7],[1 2 3 4 5 6 7],"{'depth': 2, 'iterations': 500, 'l2_leaf_reg': 5.0, 'learning_rate': 0.1}",0.018602955435647602,2.0,500.0,5.0,0.1
[ 1  2  3  4  5  6  7  8  9 10 11 12 13 14 15 16 17 18 19 20 21],[ 1  2  3  4  5  6  7  8  9 10 11 12 13 14 15 16 17 18 19 20 21],"{'depth': 10, 'iterations': 1500, 'l2_leaf_reg': 3.0, 'learning_rate': 0.1}",0.018615619153858783,10.0,1500.0,3.0,0.1
[1 2 3 4 5 6 7],[1 2 3 4 5 6 7],"{'depth': 2, 'iterations': 1000, 'l2_leaf_reg': 5.0, 'learning_rate': 0.1}",0.01862978034973571,2.0,1000.0,5.0,0.1
[1 2 3 4 5 6 7],[1 2 3 4 5 6 7],"{'depth': 6, 'iterations': 1000, 'l2_leaf_reg': 3.0, 'learning_rate': 0.1}",0.018736125140737935,6.0,1000.0,3.0,0.1
[ 1  2  3  4  5  6  7  8  9 10 11 12 13 14],[ 1  2  3  4  5  6  7  8  9 10 11 12 13 14],"{'depth': 2, 'iterations': 1500, 'l2_leaf_reg': 5.0, 'learning_rate': 0.1}",0.018852531297063654,2.0,1500.0,5.0,0.1
[ 1  2  3  4  5  6  7  8  9 10 11 12 13 14 15 16 17 18 19 20 21],[ 1  2  3  4  5  6  7  8  9 10 11 12 13 14 15 16 17 18 19 20 21],"{'depth': 6, 'iterations': 1500, 'l2_leaf_reg': 1.0, 'learning_rate': 0.1}",0.018858497601121252,6.0,1500.0,1.0,0.1
[1 2 3 4 5 6 7],[1 2 3 4 5 6 7],"{'depth': 6, 'iterations': 500, 'l2_leaf_reg': 3.0, 'learning_rate': 0.1}",0.018961458678144135,6.0,500.0,3.0,0.1
[ 1  2  3  4  5  6  7  8  9 10 11 12 13 14 15 16 17 18 19 20 21],[ 1  2  3  4  5  6  7  8  9 10 11 12 13 14 15 16 17 18 19 20 21],"{'depth': 10, 'iterations': 1000, 'l2_leaf_reg': 5.0, 'learning_rate': 0.1}",0.019006650442901604,10.0,1000.0,5.0,0.1
[ 1  2  3  4  5  6  7  8  9 10 11 12 13 14],[ 1  2  3  4  5  6  7  8  9 10 11 12 13 14],"{'depth': 2, 'iterations': 1000, 'l2_leaf_reg': 1.0, 'learning_rate': 0.1}",0.019085534004429604,2.0,1000.0,1.0,0.1
[ 1  2  3  4  5  6  7  8  9 10 11 12 13 14 15 16 17 18 19 20 21],[ 1  2  3  4  5  6  7  8  9 10 11 12 13 14 15 16 17 18 19 20 21],"{'depth': 10, 'iterations': 500, 'l2_leaf_reg': 5.0, 'learning_rate': 0.1}",0.019110000620417424,10.0,500.0,5.0,0.1
[ 1  2  3  4  5  6  7  8  9 10 11 12 13 14 15 16 17 18 19 20 21],[ 1  2  3  4  5  6  7  8  9 10 11 12 13 14 15 16 17 18 19 20 21],"{'depth': 10, 'iterations': 1500, 'l2_leaf_reg': 5.0, 'learning_rate': 0.1}",0.019232454159924646,10.0,1500.0,5.0,0.1
[ 1  2  3  4  5  6  7  8  9 10 11 12 13 14 15 16 17 18 19 20 21],[ 1  2  3  4  5  6  7  8  9 10 11 12 13 14 15 16 17 18 19 20 21],"{'depth': 6, 'iterations': 1000, 'l2_leaf_reg': 1.0, 'learning_rate': 0.1}",0.01925907837242977,6.0,1000.0,1.0,0.1
[ 1  2  3  4  5  6  7  8  9 10 11 12 13 14],[ 1  2  3  4  5  6  7  8  9 10 11 12 13 14],"{'depth': 2, 'iterations': 1500, 'l2_leaf_reg': 1.0, 'learning_rate': 0.1}",0.019273319856107696,2.0,1500.0,1.0,0.1
[ 1  2  3  4  5  6  7  8  9 10 11 12 13 14],[ 1  2  3  4  5  6  7  8  9 10 11 12 13 14],"{'depth': 10, 'iterations': 500, 'l2_leaf_reg': 5.0, 'learning_rate': 0.1}",0.019407355667444396,10.0,500.0,5.0,0.1
[ 1  2  3  4  5  6  7  8  9 10 11 12 13 14 15 16 17 18 19 20 21],[ 1  2  3  4  5  6  7  8  9 10 11 12 13 14 15 16 17 18 19 20 21],"{'depth': 6, 'iterations': 500, 'l2_leaf_reg': 1.0, 'learning_rate': 0.1}",0.01946881491351836,6.0,500.0,1.0,0.1
[ 1  2  3  4  5  6  7  8  9 10 11 12 13 14],[ 1  2  3  4  5  6  7  8  9 10 11 12 13 14],"{'depth': 10, 'iterations': 1000, 'l2_leaf_reg': 5.0, 'learning_rate': 0.1}",0.01952974611495135,10.0,1000.0,5.0,0.1
[ 1  2  3  4  5  6  7  8  9 10 11 12 13 14],[ 1  2  3  4  5  6  7  8  9 10 11 12 13 14],"{'depth': 10, 'iterations': 1500, 'l2_leaf_reg': 5.0, 'learning_rate': 0.1}",0.019922753349142574,10.0,1500.0,5.0,0.1
[1 2 3 4 5 6 7],[1 2 3 4 5 6 7],"{'depth': 10, 'iterations': 1500, 'l2_leaf_reg': 1.0, 'learning_rate': 0.1}",0.019965861291861377,10.0,1500.0,1.0,0.1
[1 2 3 4 5 6 7],[1 2 3 4 5 6 7],"{'depth': 10, 'iterations': 1000, 'l2_leaf_reg': 1.0, 'learning_rate': 0.1}",0.02017462701945814,10.0,1000.0,1.0,0.1
[1 2 3 4 5 6 7],[1 2 3 4 5 6 7],"{'depth': 10, 'iterations': 500, 'l2_leaf_reg': 1.0, 'learning_rate': 0.1}",0.020361476717306152,10.0,500.0,1.0,0.1
[1 2 3 4 5 6 7],[1 2 3 4 5 6 7],"{'depth': 6, 'iterations': 1500, 'l2_leaf_reg': 1.0, 'learning_rate': 0.1}",0.020610142980572326,6.0,1500.0,1.0,0.1
[1 2 3 4 5 6 7],[1 2 3 4 5 6 7],"{'depth': 6, 'iterations': 1000, 'l2_leaf_reg': 1.0, 'learning_rate': 0.1}",0.02079817148610128,6.0,1000.0,1.0,0.1
[1 2 3 4 5 6 7],[1 2 3 4 5 6 7],"{'depth': 10, 'iterations': 500, 'l2_leaf_reg': 3.0, 'learning_rate': 0.1}",0.021107547279556944,10.0,500.0,3.0,0.1
[1 2 3 4 5 6 7],[1 2 3 4 5 6 7],"{'depth': 10, 'iterations': 1000, 'l2_leaf_reg': 3.0, 'learning_rate': 0.1}",0.021254583945337847,10.0,1000.0,3.0,0.1
[1 2 3 4 5 6 7],[1 2 3 4 5 6 7],"{'depth': 10, 'iterations': 500, 'l2_leaf_reg': 5.0, 'learning_rate': 0.1}",0.021310844738868184,10.0,500.0,5.0,0.1
[1 2 3 4 5 6 7],[1 2 3 4 5 6 7],"{'depth': 10, 'iterations': 1000, 'l2_leaf_reg': 5.0, 'learning_rate': 0.1}",0.021320902591035026,10.0,1000.0,5.0,0.1
[1 2 3 4 5 6 7],[1 2 3 4 5 6 7],"{'depth': 10, 'iterations': 1500, 'l2_leaf_reg': 5.0, 'learning_rate': 0.1}",0.021386381591907828,10.0,1500.0,5.0,0.1
[1 2 3 4 5 6 7],[1 2 3 4 5 6 7],"{'depth': 10, 'iterations': 1500, 'l2_leaf_reg': 3.0, 'learning_rate': 0.1}",0.021506131361515055,10.0,1500.0,3.0,0.1
[ 1  2  3  4  5  6  7  8  9 10 11 12 13 14],[ 1  2  3  4  5  6  7  8  9 10 11 12 13 14],"{'depth': 10, 'iterations': 500, 'l2_leaf_reg': 1.0, 'learning_rate': 0.1}",0.021624884613305743,10.0,500.0,1.0,0.1
[1 2 3 4 5 6 7],[1 2 3 4 5 6 7],"{'depth': 6, 'iterations': 500, 'l2_leaf_reg': 1.0, 'learning_rate': 0.1}",0.02167653511096344,6.0,500.0,1.0,0.1
[ 1  2  3  4  5  6  7  8  9 10 11 12 13 14],[ 1  2  3  4  5  6  7  8  9 10 11 12 13 14],"{'depth': 10, 'iterations': 1000, 'l2_leaf_reg': 1.0, 'learning_rate': 0.1}",0.022096461229708257,10.0,1000.0,1.0,0.1
[ 1  2  3  4  5  6  7  8  9 10 11 12 13 14],[ 1  2  3  4  5  6  7  8  9 10 11 12 13 14],"{'depth': 10, 'iterations': 1500, 'l2_leaf_reg': 1.0, 'learning_rate': 0.1}",0.022213193112424798,10.0,1500.0,1.0,0.1
[ 1  2  3  4  5  6  7  8  9 10 11 12 13 14 15 16 17 18 19 20 21],[ 1  2  3  4  5  6  7  8  9 10 11 12 13 14 15 16 17 18 19 20 21],"{'depth': 10, 'iterations': 500, 'l2_leaf_reg': 1.0, 'learning_rate': 0.1}",0.022578260160967034,10.0,500.0,1.0,0.1
[ 1  2  3  4  5  6  7  8  9 10 11 12 13 14 15 16 17 18 19 20 21],[ 1  2  3  4  5  6  7  8  9 10 11 12 13 14 15 16 17 18 19 20 21],"{'depth': 10, 'iterations': 1000, 'l2_leaf_reg': 1.0, 'learning_rate': 0.1}",0.02271857952835637,10.0,1000.0,1.0,0.1
[ 1  2  3  4  5  6  7  8  9 10 11 12 13 14 15 16 17 18 19 20 21],[ 1  2  3  4  5  6  7  8  9 10 11 12 13 14 15 16 17 18 19 20 21],"{'depth': 10, 'iterations': 1500, 'l2_leaf_reg': 1.0, 'learning_rate': 0.1}",0.022760331657154832,10.0,1500.0,1.0,0.1
[ 1  2  3  4  5  6  7  8  9 10 11 12 13 14 15 16 17 18 19 20 21],[ 1  2  3  4  5  6  7  8  9 10 11 12 13 14 15 16 17 18 19 20 21],"{'depth': 10, 'iterations': 1500, 'l2_leaf_reg': 5.0, 'learning_rate': 0.001}",0.11741121797696272,10.0,1500.0,5.0,0.001
[ 1  2  3  4  5  6  7  8  9 10 11 12 13 14 15 16 17 18 19 20 21],[ 1  2  3  4  5  6  7  8  9 10 11 12 13 14 15 16 17 18 19 20 21],"{'depth': 10, 'iterations': 1500, 'l2_leaf_reg': 1.0, 'learning_rate': 0.001}",0.11788755130260123,10.0,1500.0,1.0,0.001
[ 1  2  3  4  5  6  7  8  9 10 11 12 13 14 15 16 17 18 19 20 21],[ 1  2  3  4  5  6  7  8  9 10 11 12 13 14 15 16 17 18 19 20 21],"{'depth': 10, 'iterations': 1500, 'l2_leaf_reg': 3.0, 'learning_rate': 0.001}",0.11795576354781276,10.0,1500.0,3.0,0.001
[ 1  2  3  4  5  6  7  8  9 10 11 12 13 14],[ 1  2  3  4  5  6  7  8  9 10 11 12 13 14],"{'depth': 10, 'iterations': 1500, 'l2_leaf_reg': 5.0, 'learning_rate': 0.001}",0.11962592284827529,10.0,1500.0,5.0,0.001
[ 1  2  3  4  5  6  7  8  9 10 11 12 13 14],[ 1  2  3  4  5  6  7  8  9 10 11 12 13 14],"{'depth': 10, 'iterations': 1500, 'l2_leaf_reg': 3.0, 'learning_rate': 0.001}",0.11971537595406724,10.0,1500.0,3.0,0.001
[ 1  2  3  4  5  6  7  8  9 10 11 12 13 14],[ 1  2  3  4  5  6  7  8  9 10 11 12 13 14],"{'depth': 10, 'iterations': 1500, 'l2_leaf_reg': 1.0, 'learning_rate': 0.001}",0.11976658074275529,10.0,1500.0,1.0,0.001
[1 2 3 4 5 6 7],[1 2 3 4 5 6 7],"{'depth': 10, 'iterations': 1500, 'l2_leaf_reg': 3.0, 'learning_rate': 0.001}",0.12254016542052355,10.0,1500.0,3.0,0.001
[1 2 3 4 5 6 7],[1 2 3 4 5 6 7],"{'depth': 10, 'iterations': 1500, 'l2_leaf_reg': 1.0, 'learning_rate': 0.001}",0.1225687096955289,10.0,1500.0,1.0,0.001
[1 2 3 4 5 6 7],[1 2 3 4 5 6 7],"{'depth': 10, 'iterations': 1500, 'l2_leaf_reg': 5.0, 'learning_rate': 0.001}",0.12277985151325067,10.0,1500.0,5.0,0.001
[ 1  2  3  4  5  6  7  8  9 10 11 12 13 14 15 16 17 18 19 20 21],[ 1  2  3  4  5  6  7  8  9 10 11 12 13 14 15 16 17 18 19 20 21],"{'depth': 6, 'iterations': 1500, 'l2_leaf_reg': 1.0, 'learning_rate': 0.001}",0.12611720200693774,6.0,1500.0,1.0,0.001
[ 1  2  3  4  5  6  7  8  9 10 11 12 13 14 15 16 17 18 19 20 21],[ 1  2  3  4  5  6  7  8  9 10 11 12 13 14 15 16 17 18 19 20 21],"{'depth': 6, 'iterations': 1500, 'l2_leaf_reg': 5.0, 'learning_rate': 0.001}",0.1261522534337928,6.0,1500.0,5.0,0.001
[ 1  2  3  4  5  6  7  8  9 10 11 12 13 14 15 16 17 18 19 20 21],[ 1  2  3  4  5  6  7  8  9 10 11 12 13 14 15 16 17 18 19 20 21],"{'depth': 6, 'iterations': 1500, 'l2_leaf_reg': 3.0, 'learning_rate': 0.001}",0.12632477486797122,6.0,1500.0,3.0,0.001
[ 1  2  3  4  5  6  7  8  9 10 11 12 13 14],[ 1  2  3  4  5  6  7  8  9 10 11 12 13 14],"{'depth': 6, 'iterations': 1500, 'l2_leaf_reg': 3.0, 'learning_rate': 0.001}",0.1267569264640128,6.0,1500.0,3.0,0.001
[ 1  2  3  4  5  6  7  8  9 10 11 12 13 14],[ 1  2  3  4  5  6  7  8  9 10 11 12 13 14],"{'depth': 6, 'iterations': 1500, 'l2_leaf_reg': 5.0, 'learning_rate': 0.001}",0.12683576214086947,6.0,1500.0,5.0,0.001
[ 1  2  3  4  5  6  7  8  9 10 11 12 13 14],[ 1  2  3  4  5  6  7  8  9 10 11 12 13 14],"{'depth': 6, 'iterations': 1500, 'l2_leaf_reg': 1.0, 'learning_rate': 0.001}",0.12709335492782228,6.0,1500.0,1.0,0.001
[1 2 3 4 5 6 7],[1 2 3 4 5 6 7],"{'depth': 6, 'iterations': 1500, 'l2_leaf_reg': 5.0, 'learning_rate': 0.001}",0.12892179056317252,6.0,1500.0,5.0,0.001
[1 2 3 4 5 6 7],[1 2 3 4 5 6 7],"{'depth': 6, 'iterations': 1500, 'l2_leaf_reg': 1.0, 'learning_rate': 0.001}",0.12905538469608907,6.0,1500.0,1.0,0.001
[1 2 3 4 5 6 7],[1 2 3 4 5 6 7],"{'depth': 6, 'iterations': 1500, 'l2_leaf_reg': 3.0, 'learning_rate': 0.001}",0.1290624502047734,6.0,1500.0,3.0,0.001
[ 1  2  3  4  5  6  7  8  9 10 11 12 13 14],[ 1  2  3  4  5  6  7  8  9 10 11 12 13 14],"{'depth': 2, 'iterations': 1500, 'l2_leaf_reg': 5.0, 'learning_rate': 0.001}",0.14366628310567464,2.0,1500.0,5.0,0.001
[ 1  2  3  4  5  6  7  8  9 10 11 12 13 14],[ 1  2  3  4  5  6  7  8  9 10 11 12 13 14],"{'depth': 2, 'iterations': 1500, 'l2_leaf_reg': 1.0, 'learning_rate': 0.001}",0.1436690021033292,2.0,1500.0,1.0,0.001
[ 1  2  3  4  5  6  7  8  9 10 11 12 13 14],[ 1  2  3  4  5  6  7  8  9 10 11 12 13 14],"{'depth': 2, 'iterations': 1500, 'l2_leaf_reg': 3.0, 'learning_rate': 0.001}",0.14367109313443974,2.0,1500.0,3.0,0.001
[1 2 3 4 5 6 7],[1 2 3 4 5 6 7],"{'depth': 2, 'iterations': 1500, 'l2_leaf_reg': 5.0, 'learning_rate': 0.001}",0.1437651448089511,2.0,1500.0,5.0,0.001
[1 2 3 4 5 6 7],[1 2 3 4 5 6 7],"{'depth': 2, 'iterations': 1500, 'l2_leaf_reg': 1.0, 'learning_rate': 0.001}",0.14376599945452842,2.0,1500.0,1.0,0.001
[1 2 3 4 5 6 7],[1 2 3 4 5 6 7],"{'depth': 2, 'iterations': 1500, 'l2_leaf_reg': 3.0, 'learning_rate': 0.001}",0.14377517621964803,2.0,1500.0,3.0,0.001
[ 1  2  3  4  5  6  7  8  9 10 11 12 13 14 15 16 17 18 19 20 21],[ 1  2  3  4  5  6  7  8  9 10 11 12 13 14 15 16 17 18 19 20 21],"{'depth': 2, 'iterations': 1500, 'l2_leaf_reg': 1.0, 'learning_rate': 0.001}",0.14426065238369581,2.0,1500.0,1.0,0.001
[ 1  2  3  4  5  6  7  8  9 10 11 12 13 14 15 16 17 18 19 20 21],[ 1  2  3  4  5  6  7  8  9 10 11 12 13 14 15 16 17 18 19 20 21],"{'depth': 2, 'iterations': 1500, 'l2_leaf_reg': 3.0, 'learning_rate': 0.001}",0.1442653008007511,2.0,1500.0,3.0,0.001
[ 1  2  3  4  5  6  7  8  9 10 11 12 13 14 15 16 17 18 19 20 21],[ 1  2  3  4  5  6  7  8  9 10 11 12 13 14 15 16 17 18 19 20 21],"{'depth': 2, 'iterations': 1500, 'l2_leaf_reg': 5.0, 'learning_rate': 0.001}",0.1442869773585428,2.0,1500.0,5.0,0.001
[ 1  2  3  4  5  6  7  8  9 10 11 12 13 14 15 16 17 18 19 20 21],[ 1  2  3  4  5  6  7  8  9 10 11 12 13 14 15 16 17 18 19 20 21],"{'depth': 10, 'iterations': 1000, 'l2_leaf_reg': 5.0, 'learning_rate': 0.001}",0.15134186756019105,10.0,1000.0,5.0,0.001
[ 1  2  3  4  5  6  7  8  9 10 11 12 13 14 15 16 17 18 19 20 21],[ 1  2  3  4  5  6  7  8  9 10 11 12 13 14 15 16 17 18 19 20 21],"{'depth': 10, 'iterations': 1000, 'l2_leaf_reg': 1.0, 'learning_rate': 0.001}",0.1516499825924604,10.0,1000.0,1.0,0.001
[ 1  2  3  4  5  6  7  8  9 10 11 12 13 14 15 16 17 18 19 20 21],[ 1  2  3  4  5  6  7  8  9 10 11 12 13 14 15 16 17 18 19 20 21],"{'depth': 10, 'iterations': 1000, 'l2_leaf_reg': 3.0, 'learning_rate': 0.001}",0.15182920212465828,10.0,1000.0,3.0,0.001
[ 1  2  3  4  5  6  7  8  9 10 11 12 13 14],[ 1  2  3  4  5  6  7  8  9 10 11 12 13 14],"{'depth': 10, 'iterations': 1000, 'l2_leaf_reg': 5.0, 'learning_rate': 0.001}",0.15334638871151265,10.0,1000.0,5.0,0.001
[ 1  2  3  4  5  6  7  8  9 10 11 12 13 14],[ 1  2  3  4  5  6  7  8  9 10 11 12 13 14],"{'depth': 10, 'iterations': 1000, 'l2_leaf_reg': 3.0, 'learning_rate': 0.001}",0.1535483542992408,10.0,1000.0,3.0,0.001
[ 1  2  3  4  5  6  7  8  9 10 11 12 13 14],[ 1  2  3  4  5  6  7  8  9 10 11 12 13 14],"{'depth': 10, 'iterations': 1000, 'l2_leaf_reg': 1.0, 'learning_rate': 0.001}",0.15360396402850138,10.0,1000.0,1.0,0.001
[1 2 3 4 5 6 7],[1 2 3 4 5 6 7],"{'depth': 10, 'iterations': 1000, 'l2_leaf_reg': 1.0, 'learning_rate': 0.001}",0.15648037821800045,10.0,1000.0,1.0,0.001
[1 2 3 4 5 6 7],[1 2 3 4 5 6 7],"{'depth': 10, 'iterations': 1000, 'l2_leaf_reg': 5.0, 'learning_rate': 0.001}",0.15653455363530427,10.0,1000.0,5.0,0.001
[1 2 3 4 5 6 7],[1 2 3 4 5 6 7],"{'depth': 10, 'iterations': 1000, 'l2_leaf_reg': 3.0, 'learning_rate': 0.001}",0.1566322991441575,10.0,1000.0,3.0,0.001
[ 1  2  3  4  5  6  7  8  9 10 11 12 13 14 15 16 17 18 19 20 21],[ 1  2  3  4  5  6  7  8  9 10 11 12 13 14 15 16 17 18 19 20 21],"{'depth': 6, 'iterations': 1000, 'l2_leaf_reg': 1.0, 'learning_rate': 0.001}",0.15917319074191794,6.0,1000.0,1.0,0.001
[ 1  2  3  4  5  6  7  8  9 10 11 12 13 14 15 16 17 18 19 20 21],[ 1  2  3  4  5  6  7  8  9 10 11 12 13 14 15 16 17 18 19 20 21],"{'depth': 6, 'iterations': 1000, 'l2_leaf_reg': 5.0, 'learning_rate': 0.001}",0.15918751187781055,6.0,1000.0,5.0,0.001
[ 1  2  3  4  5  6  7  8  9 10 11 12 13 14 15 16 17 18 19 20 21],[ 1  2  3  4  5  6  7  8  9 10 11 12 13 14 15 16 17 18 19 20 21],"{'depth': 6, 'iterations': 1000, 'l2_leaf_reg': 3.0, 'learning_rate': 0.001}",0.15960453359094054,6.0,1000.0,3.0,0.001
[ 1  2  3  4  5  6  7  8  9 10 11 12 13 14],[ 1  2  3  4  5  6  7  8  9 10 11 12 13 14],"{'depth': 6, 'iterations': 1000, 'l2_leaf_reg': 3.0, 'learning_rate': 0.001}",0.15974160705475976,6.0,1000.0,3.0,0.001
[ 1  2  3  4  5  6  7  8  9 10 11 12 13 14],[ 1  2  3  4  5  6  7  8  9 10 11 12 13 14],"{'depth': 6, 'iterations': 1000, 'l2_leaf_reg': 5.0, 'learning_rate': 0.001}",0.15982815500928826,6.0,1000.0,5.0,0.001
[ 1  2  3  4  5  6  7  8  9 10 11 12 13 14],[ 1  2  3  4  5  6  7  8  9 10 11 12 13 14],"{'depth': 6, 'iterations': 1000, 'l2_leaf_reg': 1.0, 'learning_rate': 0.001}",0.16012175252466251,6.0,1000.0,1.0,0.001
[1 2 3 4 5 6 7],[1 2 3 4 5 6 7],"{'depth': 6, 'iterations': 1000, 'l2_leaf_reg': 5.0, 'learning_rate': 0.001}",0.1618347776179728,6.0,1000.0,5.0,0.001
[1 2 3 4 5 6 7],[1 2 3 4 5 6 7],"{'depth': 6, 'iterations': 1000, 'l2_leaf_reg': 1.0, 'learning_rate': 0.001}",0.16203016188021105,6.0,1000.0,1.0,0.001
[1 2 3 4 5 6 7],[1 2 3 4 5 6 7],"{'depth': 6, 'iterations': 1000, 'l2_leaf_reg': 3.0, 'learning_rate': 0.001}",0.16207377719247612,6.0,1000.0,3.0,0.001
[ 1  2  3  4  5  6  7  8  9 10 11 12 13 14],[ 1  2  3  4  5  6  7  8  9 10 11 12 13 14],"{'depth': 2, 'iterations': 1000, 'l2_leaf_reg': 5.0, 'learning_rate': 0.001}",0.17636849224012685,2.0,1000.0,5.0,0.001
[ 1  2  3  4  5  6  7  8  9 10 11 12 13 14],[ 1  2  3  4  5  6  7  8  9 10 11 12 13 14],"{'depth': 2, 'iterations': 1000, 'l2_leaf_reg': 3.0, 'learning_rate': 0.001}",0.17637552484381433,2.0,1000.0,3.0,0.001
[ 1  2  3  4  5  6  7  8  9 10 11 12 13 14],[ 1  2  3  4  5  6  7  8  9 10 11 12 13 14],"{'depth': 2, 'iterations': 1000, 'l2_leaf_reg': 1.0, 'learning_rate': 0.001}",0.17637914543146282,2.0,1000.0,1.0,0.001
[1 2 3 4 5 6 7],[1 2 3 4 5 6 7],"{'depth': 2, 'iterations': 1000, 'l2_leaf_reg': 1.0, 'learning_rate': 0.001}",0.17677510335627886,2.0,1000.0,1.0,0.001
[1 2 3 4 5 6 7],[1 2 3 4 5 6 7],"{'depth': 2, 'iterations': 1000, 'l2_leaf_reg': 5.0, 'learning_rate': 0.001}",0.17678263468359465,2.0,1000.0,5.0,0.001
[1 2 3 4 5 6 7],[1 2 3 4 5 6 7],"{'depth': 2, 'iterations': 1000, 'l2_leaf_reg': 3.0, 'learning_rate': 0.001}",0.17680848986034156,2.0,1000.0,3.0,0.001
[ 1  2  3  4  5  6  7  8  9 10 11 12 13 14 15 16 17 18 19 20 21],[ 1  2  3  4  5  6  7  8  9 10 11 12 13 14 15 16 17 18 19 20 21],"{'depth': 2, 'iterations': 1000, 'l2_leaf_reg': 1.0, 'learning_rate': 0.001}",0.17731705542299267,2.0,1000.0,1.0,0.001
[ 1  2  3  4  5  6  7  8  9 10 11 12 13 14 15 16 17 18 19 20 21],[ 1  2  3  4  5  6  7  8  9 10 11 12 13 14 15 16 17 18 19 20 21],"{'depth': 2, 'iterations': 1000, 'l2_leaf_reg': 3.0, 'learning_rate': 0.001}",0.17733478564859473,2.0,1000.0,3.0,0.001
[ 1  2  3  4  5  6  7  8  9 10 11 12 13 14 15 16 17 18 19 20 21],[ 1  2  3  4  5  6  7  8  9 10 11 12 13 14 15 16 17 18 19 20 21],"{'depth': 2, 'iterations': 1000, 'l2_leaf_reg': 5.0, 'learning_rate': 0.001}",0.1773461520917217,2.0,1000.0,5.0,0.001
[ 1  2  3  4  5  6  7  8  9 10 11 12 13 14 15 16 17 18 19 20 21],[ 1  2  3  4  5  6  7  8  9 10 11 12 13 14 15 16 17 18 19 20 21],"{'depth': 10, 'iterations': 500, 'l2_leaf_reg': 5.0, 'learning_rate': 0.001}",0.19272153669480438,10.0,500.0,5.0,0.001
[ 1  2  3  4  5  6  7  8  9 10 11 12 13 14 15 16 17 18 19 20 21],[ 1  2  3  4  5  6  7  8  9 10 11 12 13 14 15 16 17 18 19 20 21],"{'depth': 10, 'iterations': 500, 'l2_leaf_reg': 3.0, 'learning_rate': 0.001}",0.19272551804922097,10.0,500.0,3.0,0.001
[ 1  2  3  4  5  6  7  8  9 10 11 12 13 14 15 16 17 18 19 20 21],[ 1  2  3  4  5  6  7  8  9 10 11 12 13 14 15 16 17 18 19 20 21],"{'depth': 10, 'iterations': 500, 'l2_leaf_reg': 1.0, 'learning_rate': 0.001}",0.19307229731380263,10.0,500.0,1.0,0.001
[ 1  2  3  4  5  6  7  8  9 10 11 12 13 14],[ 1  2  3  4  5  6  7  8  9 10 11 12 13 14],"{'depth': 10, 'iterations': 500, 'l2_leaf_reg': 5.0, 'learning_rate': 0.001}",0.19421250586807312,10.0,500.0,5.0,0.001
[ 1  2  3  4  5  6  7  8  9 10 11 12 13 14],[ 1  2  3  4  5  6  7  8  9 10 11 12 13 14],"{'depth': 10, 'iterations': 500, 'l2_leaf_reg': 1.0, 'learning_rate': 0.001}",0.19432057108384432,10.0,500.0,1.0,0.001
[ 1  2  3  4  5  6  7  8  9 10 11 12 13 14],[ 1  2  3  4  5  6  7  8  9 10 11 12 13 14],"{'depth': 10, 'iterations': 500, 'l2_leaf_reg': 3.0, 'learning_rate': 0.001}",0.19442509350203474,10.0,500.0,3.0,0.001
[1 2 3 4 5 6 7],[1 2 3 4 5 6 7],"{'depth': 10, 'iterations': 500, 'l2_leaf_reg': 1.0, 'learning_rate': 0.001}",0.1966572149817255,10.0,500.0,1.0,0.001
[1 2 3 4 5 6 7],[1 2 3 4 5 6 7],"{'depth': 10, 'iterations': 500, 'l2_leaf_reg': 3.0, 'learning_rate': 0.001}",0.19679794383130983,10.0,500.0,3.0,0.001
[1 2 3 4 5 6 7],[1 2 3 4 5 6 7],"{'depth': 10, 'iterations': 500, 'l2_leaf_reg': 5.0, 'learning_rate': 0.001}",0.19703011175779436,10.0,500.0,5.0,0.001
[ 1  2  3  4  5  6  7  8  9 10 11 12 13 14 15 16 17 18 19 20 21],[ 1  2  3  4  5  6  7  8  9 10 11 12 13 14 15 16 17 18 19 20 21],"{'depth': 6, 'iterations': 500, 'l2_leaf_reg': 1.0, 'learning_rate': 0.001}",0.1978490914760446,6.0,500.0,1.0,0.001
[ 1  2  3  4  5  6  7  8  9 10 11 12 13 14 15 16 17 18 19 20 21],[ 1  2  3  4  5  6  7  8  9 10 11 12 13 14 15 16 17 18 19 20 21],"{'depth': 6, 'iterations': 500, 'l2_leaf_reg': 5.0, 'learning_rate': 0.001}",0.1979641960281137,6.0,500.0,5.0,0.001
[ 1  2  3  4  5  6  7  8  9 10 11 12 13 14 15 16 17 18 19 20 21],[ 1  2  3  4  5  6  7  8  9 10 11 12 13 14 15 16 17 18 19 20 21],"{'depth': 6, 'iterations': 500, 'l2_leaf_reg': 3.0, 'learning_rate': 0.001}",0.19821584658441932,6.0,500.0,3.0,0.001
[ 1  2  3  4  5  6  7  8  9 10 11 12 13 14],[ 1  2  3  4  5  6  7  8  9 10 11 12 13 14],"{'depth': 6, 'iterations': 500, 'l2_leaf_reg': 5.0, 'learning_rate': 0.001}",0.19832971746495417,6.0,500.0,5.0,0.001
[ 1  2  3  4  5  6  7  8  9 10 11 12 13 14],[ 1  2  3  4  5  6  7  8  9 10 11 12 13 14],"{'depth': 6, 'iterations': 500, 'l2_leaf_reg': 3.0, 'learning_rate': 0.001}",0.19857423122100673,6.0,500.0,3.0,0.001
[ 1  2  3  4  5  6  7  8  9 10 11 12 13 14],[ 1  2  3  4  5  6  7  8  9 10 11 12 13 14],"{'depth': 6, 'iterations': 500, 'l2_leaf_reg': 1.0, 'learning_rate': 0.001}",0.19878300515008498,6.0,500.0,1.0,0.001
[1 2 3 4 5 6 7],[1 2 3 4 5 6 7],"{'depth': 6, 'iterations': 500, 'l2_leaf_reg': 1.0, 'learning_rate': 0.001}",0.2001000431617295,6.0,500.0,1.0,0.001
[1 2 3 4 5 6 7],[1 2 3 4 5 6 7],"{'depth': 6, 'iterations': 500, 'l2_leaf_reg': 5.0, 'learning_rate': 0.001}",0.20010180352376666,6.0,500.0,5.0,0.001
[1 2 3 4 5 6 7],[1 2 3 4 5 6 7],"{'depth': 6, 'iterations': 500, 'l2_leaf_reg': 3.0, 'learning_rate': 0.001}",0.20021574689707772,6.0,500.0,3.0,0.001
[ 1  2  3  4  5  6  7  8  9 10 11 12 13 14],[ 1  2  3  4  5  6  7  8  9 10 11 12 13 14],"{'depth': 2, 'iterations': 500, 'l2_leaf_reg': 5.0, 'learning_rate': 0.001}",0.2102716423063832,2.0,500.0,5.0,0.001
[ 1  2  3  4  5  6  7  8  9 10 11 12 13 14],[ 1  2  3  4  5  6  7  8  9 10 11 12 13 14],"{'depth': 2, 'iterations': 500, 'l2_leaf_reg': 3.0, 'learning_rate': 0.001}",0.2102756176717843,2.0,500.0,3.0,0.001
[ 1  2  3  4  5  6  7  8  9 10 11 12 13 14],[ 1  2  3  4  5  6  7  8  9 10 11 12 13 14],"{'depth': 2, 'iterations': 500, 'l2_leaf_reg': 1.0, 'learning_rate': 0.001}",0.21030245913000314,2.0,500.0,1.0,0.001
[1 2 3 4 5 6 7],[1 2 3 4 5 6 7],"{'depth': 2, 'iterations': 500, 'l2_leaf_reg': 1.0, 'learning_rate': 0.001}",0.2104523314046002,2.0,500.0,1.0,0.001
[1 2 3 4 5 6 7],[1 2 3 4 5 6 7],"{'depth': 2, 'iterations': 500, 'l2_leaf_reg': 3.0, 'learning_rate': 0.001}",0.210463974367884,2.0,500.0,3.0,0.001
[1 2 3 4 5 6 7],[1 2 3 4 5 6 7],"{'depth': 2, 'iterations': 500, 'l2_leaf_reg': 5.0, 'learning_rate': 0.001}",0.21046405323536507,2.0,500.0,5.0,0.001
[ 1  2  3  4  5  6  7  8  9 10 11 12 13 14 15 16 17 18 19 20 21],[ 1  2  3  4  5  6  7  8  9 10 11 12 13 14 15 16 17 18 19 20 21],"{'depth': 2, 'iterations': 500, 'l2_leaf_reg': 3.0, 'learning_rate': 0.001}",0.21098498182133346,2.0,500.0,3.0,0.001
[ 1  2  3  4  5  6  7  8  9 10 11 12 13 14 15 16 17 18 19 20 21],[ 1  2  3  4  5  6  7  8  9 10 11 12 13 14 15 16 17 18 19 20 21],"{'depth': 2, 'iterations': 500, 'l2_leaf_reg': 1.0, 'learning_rate': 0.001}",0.21098753861147584,2.0,500.0,1.0,0.001
[ 1  2  3  4  5  6  7  8  9 10 11 12 13 14 15 16 17 18 19 20 21],[ 1  2  3  4  5  6  7  8  9 10 11 12 13 14 15 16 17 18 19 20 21],"{'depth': 2, 'iterations': 500, 'l2_leaf_reg': 5.0, 'learning_rate': 0.001}",0.2109980081468613,2.0,500.0,5.0,0.001
[ 1  2  3  4  5  6  7  8  9 10 11 12 13 14 15 16 17 18 19 20 21],[ 1  2  3  4  5  6  7  8  9 10 11 12 13 14 15 16 17 18 19 20 21],"{'depth': 10, 'iterations': 1500, 'l2_leaf_reg': 5.0, 'learning_rate': 1e-05}",0.23987525601820017,10.0,1500.0,5.0,1e-05
[ 1  2  3  4  5  6  7  8  9 10 11 12 13 14 15 16 17 18 19 20 21],[ 1  2  3  4  5  6  7  8  9 10 11 12 13 14 15 16 17 18 19 20 21],"{'depth': 10, 'iterations': 1500, 'l2_leaf_reg': 1.0, 'learning_rate': 1e-05}",0.23988140566281813,10.0,1500.0,1.0,1e-05
[ 1  2  3  4  5  6  7  8  9 10 11 12 13 14 15 16 17 18 19 20 21],[ 1  2  3  4  5  6  7  8  9 10 11 12 13 14 15 16 17 18 19 20 21],"{'depth': 10, 'iterations': 1500, 'l2_leaf_reg': 3.0, 'learning_rate': 1e-05}",0.2398829862125198,10.0,1500.0,3.0,1e-05
[ 1  2  3  4  5  6  7  8  9 10 11 12 13 14],[ 1  2  3  4  5  6  7  8  9 10 11 12 13 14],"{'depth': 10, 'iterations': 1500, 'l2_leaf_reg': 5.0, 'learning_rate': 1e-05}",0.23993495756286848,10.0,1500.0,5.0,1e-05
[ 1  2  3  4  5  6  7  8  9 10 11 12 13 14],[ 1  2  3  4  5  6  7  8  9 10 11 12 13 14],"{'depth': 10, 'iterations': 1500, 'l2_leaf_reg': 3.0, 'learning_rate': 1e-05}",0.2399424404031202,10.0,1500.0,3.0,1e-05
[ 1  2  3  4  5  6  7  8  9 10 11 12 13 14],[ 1  2  3  4  5  6  7  8  9 10 11 12 13 14],"{'depth': 10, 'iterations': 1500, 'l2_leaf_reg': 1.0, 'learning_rate': 1e-05}",0.23994418478376156,10.0,1500.0,1.0,1e-05
[1 2 3 4 5 6 7],[1 2 3 4 5 6 7],"{'depth': 10, 'iterations': 1500, 'l2_leaf_reg': 1.0, 'learning_rate': 1e-05}",0.23998193088495837,10.0,1500.0,1.0,1e-05
[1 2 3 4 5 6 7],[1 2 3 4 5 6 7],"{'depth': 10, 'iterations': 1500, 'l2_leaf_reg': 5.0, 'learning_rate': 1e-05}",0.23998463206270457,10.0,1500.0,5.0,1e-05
[1 2 3 4 5 6 7],[1 2 3 4 5 6 7],"{'depth': 10, 'iterations': 1500, 'l2_leaf_reg': 3.0, 'learning_rate': 1e-05}",0.23999110327385478,10.0,1500.0,3.0,1e-05
[ 1  2  3  4  5  6  7  8  9 10 11 12 13 14 15 16 17 18 19 20 21],[ 1  2  3  4  5  6  7  8  9 10 11 12 13 14 15 16 17 18 19 20 21],"{'depth': 6, 'iterations': 1500, 'l2_leaf_reg': 1.0, 'learning_rate': 1e-05}",0.24005189762243448,6.0,1500.0,1.0,1e-05
[ 1  2  3  4  5  6  7  8  9 10 11 12 13 14 15 16 17 18 19 20 21],[ 1  2  3  4  5  6  7  8  9 10 11 12 13 14 15 16 17 18 19 20 21],"{'depth': 6, 'iterations': 1500, 'l2_leaf_reg': 3.0, 'learning_rate': 1e-05}",0.24005406396651505,6.0,1500.0,3.0,1e-05
[ 1  2  3  4  5  6  7  8  9 10 11 12 13 14 15 16 17 18 19 20 21],[ 1  2  3  4  5  6  7  8  9 10 11 12 13 14 15 16 17 18 19 20 21],"{'depth': 6, 'iterations': 1500, 'l2_leaf_reg': 5.0, 'learning_rate': 1e-05}",0.24005603723249205,6.0,1500.0,5.0,1e-05
[ 1  2  3  4  5  6  7  8  9 10 11 12 13 14],[ 1  2  3  4  5  6  7  8  9 10 11 12 13 14],"{'depth': 6, 'iterations': 1500, 'l2_leaf_reg': 5.0, 'learning_rate': 1e-05}",0.2400848892118443,6.0,1500.0,5.0,1e-05
[ 1  2  3  4  5  6  7  8  9 10 11 12 13 14],[ 1  2  3  4  5  6  7  8  9 10 11 12 13 14],"{'depth': 6, 'iterations': 1500, 'l2_leaf_reg': 1.0, 'learning_rate': 1e-05}",0.24009214173287993,6.0,1500.0,1.0,1e-05
[ 1  2  3  4  5  6  7  8  9 10 11 12 13 14],[ 1  2  3  4  5  6  7  8  9 10 11 12 13 14],"{'depth': 6, 'iterations': 1500, 'l2_leaf_reg': 3.0, 'learning_rate': 1e-05}",0.2400956092522541,6.0,1500.0,3.0,1e-05
[1 2 3 4 5 6 7],[1 2 3 4 5 6 7],"{'depth': 6, 'iterations': 1500, 'l2_leaf_reg': 5.0, 'learning_rate': 1e-05}",0.24010171067167949,6.0,1500.0,5.0,1e-05
[1 2 3 4 5 6 7],[1 2 3 4 5 6 7],"{'depth': 6, 'iterations': 1500, 'l2_leaf_reg': 1.0, 'learning_rate': 1e-05}",0.24010173494361273,6.0,1500.0,1.0,1e-05
[1 2 3 4 5 6 7],[1 2 3 4 5 6 7],"{'depth': 6, 'iterations': 1500, 'l2_leaf_reg': 3.0, 'learning_rate': 1e-05}",0.24010529897186722,6.0,1500.0,3.0,1e-05
[ 1  2  3  4  5  6  7  8  9 10 11 12 13 14 15 16 17 18 19 20 21],[ 1  2  3  4  5  6  7  8  9 10 11 12 13 14 15 16 17 18 19 20 21],"{'depth': 10, 'iterations': 1000, 'l2_leaf_reg': 5.0, 'learning_rate': 1e-05}",0.24041245611261275,10.0,1000.0,5.0,1e-05
[ 1  2  3  4  5  6  7  8  9 10 11 12 13 14 15 16 17 18 19 20 21],[ 1  2  3  4  5  6  7  8  9 10 11 12 13 14 15 16 17 18 19 20 21],"{'depth': 10, 'iterations': 1000, 'l2_leaf_reg': 1.0, 'learning_rate': 1e-05}",0.24041700831587798,10.0,1000.0,1.0,1e-05
[ 1  2  3  4  5  6  7  8  9 10 11 12 13 14 15 16 17 18 19 20 21],[ 1  2  3  4  5  6  7  8  9 10 11 12 13 14 15 16 17 18 19 20 21],"{'depth': 10, 'iterations': 1000, 'l2_leaf_reg': 3.0, 'learning_rate': 1e-05}",0.24042187078177024,10.0,1000.0,3.0,1e-05
[1 2 3 4 5 6 7],[1 2 3 4 5 6 7],"{'depth': 2, 'iterations': 1500, 'l2_leaf_reg': 5.0, 'learning_rate': 1e-05}",0.24042714607991245,2.0,1500.0,5.0,1e-05
[1 2 3 4 5 6 7],[1 2 3 4 5 6 7],"{'depth': 2, 'iterations': 1500, 'l2_leaf_reg': 3.0, 'learning_rate': 1e-05}",0.24042746528939327,2.0,1500.0,3.0,1e-05
[1 2 3 4 5 6 7],[1 2 3 4 5 6 7],"{'depth': 2, 'iterations': 1500, 'l2_leaf_reg': 1.0, 'learning_rate': 1e-05}",0.24042799684742766,2.0,1500.0,1.0,1e-05
[ 1  2  3  4  5  6  7  8  9 10 11 12 13 14],[ 1  2  3  4  5  6  7  8  9 10 11 12 13 14],"{'depth': 10, 'iterations': 1000, 'l2_leaf_reg': 5.0, 'learning_rate': 1e-05}",0.2404550525900685,10.0,1000.0,5.0,1e-05
[ 1  2  3  4  5  6  7  8  9 10 11 12 13 14],[ 1  2  3  4  5  6  7  8  9 10 11 12 13 14],"{'depth': 10, 'iterations': 1000, 'l2_leaf_reg': 3.0, 'learning_rate': 1e-05}",0.24046025910699567,10.0,1000.0,3.0,1e-05
[ 1  2  3  4  5  6  7  8  9 10 11 12 13 14],[ 1  2  3  4  5  6  7  8  9 10 11 12 13 14],"{'depth': 10, 'iterations': 1000, 'l2_leaf_reg': 1.0, 'learning_rate': 1e-05}",0.2404612561953625,10.0,1000.0,1.0,1e-05
[1 2 3 4 5 6 7],[1 2 3 4 5 6 7],"{'depth': 10, 'iterations': 1000, 'l2_leaf_reg': 1.0, 'learning_rate': 1e-05}",0.2404629336380109,10.0,1000.0,1.0,1e-05
[1 2 3 4 5 6 7],[1 2 3 4 5 6 7],"{'depth': 10, 'iterations': 1000, 'l2_leaf_reg': 3.0, 'learning_rate': 1e-05}",0.2404638065180876,10.0,1000.0,3.0,1e-05
[1 2 3 4 5 6 7],[1 2 3 4 5 6 7],"{'depth': 10, 'iterations': 1000, 'l2_leaf_reg': 5.0, 'learning_rate': 1e-05}",0.2404638978197582,10.0,1000.0,5.0,1e-05
[ 1  2  3  4  5  6  7  8  9 10 11 12 13 14 15 16 17 18 19 20 21],[ 1  2  3  4  5  6  7  8  9 10 11 12 13 14 15 16 17 18 19 20 21],"{'depth': 2, 'iterations': 1500, 'l2_leaf_reg': 5.0, 'learning_rate': 1e-05}",0.24048621447702337,2.0,1500.0,5.0,1e-05
[ 1  2  3  4  5  6  7  8  9 10 11 12 13 14 15 16 17 18 19 20 21],[ 1  2  3  4  5  6  7  8  9 10 11 12 13 14 15 16 17 18 19 20 21],"{'depth': 2, 'iterations': 1500, 'l2_leaf_reg': 1.0, 'learning_rate': 1e-05}",0.24048631976050594,2.0,1500.0,1.0,1e-05
[ 1  2  3  4  5  6  7  8  9 10 11 12 13 14 15 16 17 18 19 20 21],[ 1  2  3  4  5  6  7  8  9 10 11 12 13 14 15 16 17 18 19 20 21],"{'depth': 2, 'iterations': 1500, 'l2_leaf_reg': 3.0, 'learning_rate': 1e-05}",0.2404864639114459,2.0,1500.0,3.0,1e-05
[ 1  2  3  4  5  6  7  8  9 10 11 12 13 14],[ 1  2  3  4  5  6  7  8  9 10 11 12 13 14],"{'depth': 2, 'iterations': 1500, 'l2_leaf_reg': 5.0, 'learning_rate': 1e-05}",0.24049339496189287,2.0,1500.0,5.0,1e-05
[ 1  2  3  4  5  6  7  8  9 10 11 12 13 14],[ 1  2  3  4  5  6  7  8  9 10 11 12 13 14],"{'depth': 2, 'iterations': 1500, 'l2_leaf_reg': 3.0, 'learning_rate': 1e-05}",0.24049350055639526,2.0,1500.0,3.0,1e-05
[ 1  2  3  4  5  6  7  8  9 10 11 12 13 14],[ 1  2  3  4  5  6  7  8  9 10 11 12 13 14],"{'depth': 2, 'iterations': 1500, 'l2_leaf_reg': 1.0, 'learning_rate': 1e-05}",0.24049357735918261,2.0,1500.0,1.0,1e-05
[ 1  2  3  4  5  6  7  8  9 10 11 12 13 14 15 16 17 18 19 20 21],[ 1  2  3  4  5  6  7  8  9 10 11 12 13 14 15 16 17 18 19 20 21],"{'depth': 6, 'iterations': 1000, 'l2_leaf_reg': 1.0, 'learning_rate': 1e-05}",0.24053394280544846,6.0,1000.0,1.0,1e-05
[ 1  2  3  4  5  6  7  8  9 10 11 12 13 14 15 16 17 18 19 20 21],[ 1  2  3  4  5  6  7  8  9 10 11 12 13 14 15 16 17 18 19 20 21],"{'depth': 6, 'iterations': 1000, 'l2_leaf_reg': 5.0, 'learning_rate': 1e-05}",0.2405345140483051,6.0,1000.0,5.0,1e-05
[ 1  2  3  4  5  6  7  8  9 10 11 12 13 14 15 16 17 18 19 20 21],[ 1  2  3  4  5  6  7  8  9 10 11 12 13 14 15 16 17 18 19 20 21],"{'depth': 6, 'iterations': 1000, 'l2_leaf_reg': 3.0, 'learning_rate': 1e-05}",0.24053764863705795,6.0,1000.0,3.0,1e-05
[1 2 3 4 5 6 7],[1 2 3 4 5 6 7],"{'depth': 6, 'iterations': 1000, 'l2_leaf_reg': 1.0, 'learning_rate': 1e-05}",0.2405425032275952,6.0,1000.0,1.0,1e-05
[1 2 3 4 5 6 7],[1 2 3 4 5 6 7],"{'depth': 6, 'iterations': 1000, 'l2_leaf_reg': 5.0, 'learning_rate': 1e-05}",0.24054267542049168,6.0,1000.0,5.0,1e-05
[1 2 3 4 5 6 7],[1 2 3 4 5 6 7],"{'depth': 6, 'iterations': 1000, 'l2_leaf_reg': 3.0, 'learning_rate': 1e-05}",0.24054590385955307,6.0,1000.0,3.0,1e-05
[ 1  2  3  4  5  6  7  8  9 10 11 12 13 14],[ 1  2  3  4  5  6  7  8  9 10 11 12 13 14],"{'depth': 6, 'iterations': 1000, 'l2_leaf_reg': 5.0, 'learning_rate': 1e-05}",0.24055849602595353,6.0,1000.0,5.0,1e-05
[ 1  2  3  4  5  6  7  8  9 10 11 12 13 14],[ 1  2  3  4  5  6  7  8  9 10 11 12 13 14],"{'depth': 6, 'iterations': 1000, 'l2_leaf_reg': 1.0, 'learning_rate': 1e-05}",0.24056374933227423,6.0,1000.0,1.0,1e-05
[ 1  2  3  4  5  6  7  8  9 10 11 12 13 14],[ 1  2  3  4  5  6  7  8  9 10 11 12 13 14],"{'depth': 6, 'iterations': 1000, 'l2_leaf_reg': 3.0, 'learning_rate': 1e-05}",0.24056623972947888,6.0,1000.0,3.0,1e-05
[1 2 3 4 5 6 7],[1 2 3 4 5 6 7],"{'depth': 2, 'iterations': 1000, 'l2_leaf_reg': 5.0, 'learning_rate': 1e-05}",0.24076457130235443,2.0,1000.0,5.0,1e-05
[1 2 3 4 5 6 7],[1 2 3 4 5 6 7],"{'depth': 2, 'iterations': 1000, 'l2_leaf_reg': 3.0, 'learning_rate': 1e-05}",0.2407645992048673,2.0,1000.0,3.0,1e-05
[1 2 3 4 5 6 7],[1 2 3 4 5 6 7],"{'depth': 2, 'iterations': 1000, 'l2_leaf_reg': 1.0, 'learning_rate': 1e-05}",0.24076475193258093,2.0,1000.0,1.0,1e-05
[ 1  2  3  4  5  6  7  8  9 10 11 12 13 14 15 16 17 18 19 20 21],[ 1  2  3  4  5  6  7  8  9 10 11 12 13 14 15 16 17 18 19 20 21],"{'depth': 2, 'iterations': 1000, 'l2_leaf_reg': 5.0, 'learning_rate': 1e-05}",0.24082143153759458,2.0,1000.0,5.0,1e-05
[ 1  2  3  4  5  6  7  8  9 10 11 12 13 14 15 16 17 18 19 20 21],[ 1  2  3  4  5  6  7  8  9 10 11 12 13 14 15 16 17 18 19 20 21],"{'depth': 2, 'iterations': 1000, 'l2_leaf_reg': 1.0, 'learning_rate': 1e-05}",0.240821489893419,2.0,1000.0,1.0,1e-05
[ 1  2  3  4  5  6  7  8  9 10 11 12 13 14 15 16 17 18 19 20 21],[ 1  2  3  4  5  6  7  8  9 10 11 12 13 14 15 16 17 18 19 20 21],"{'depth': 2, 'iterations': 1000, 'l2_leaf_reg': 3.0, 'learning_rate': 1e-05}",0.24082161421825496,2.0,1000.0,3.0,1e-05
[ 1  2  3  4  5  6  7  8  9 10 11 12 13 14],[ 1  2  3  4  5  6  7  8  9 10 11 12 13 14],"{'depth': 2, 'iterations': 1000, 'l2_leaf_reg': 5.0, 'learning_rate': 1e-05}",0.24082789368339894,2.0,1000.0,5.0,1e-05
[ 1  2  3  4  5  6  7  8  9 10 11 12 13 14],[ 1  2  3  4  5  6  7  8  9 10 11 12 13 14],"{'depth': 2, 'iterations': 1000, 'l2_leaf_reg': 3.0, 'learning_rate': 1e-05}",0.2408280184750252,2.0,1000.0,3.0,1e-05
[ 1  2  3  4  5  6  7  8  9 10 11 12 13 14],[ 1  2  3  4  5  6  7  8  9 10 11 12 13 14],"{'depth': 2, 'iterations': 1000, 'l2_leaf_reg': 1.0, 'learning_rate': 1e-05}",0.24082812316371602,2.0,1000.0,1.0,1e-05
[1 2 3 4 5 6 7],[1 2 3 4 5 6 7],"{'depth': 10, 'iterations': 500, 'l2_leaf_reg': 3.0, 'learning_rate': 1e-05}",0.24094301958742553,10.0,500.0,3.0,1e-05
[1 2 3 4 5 6 7],[1 2 3 4 5 6 7],"{'depth': 10, 'iterations': 500, 'l2_leaf_reg': 1.0, 'learning_rate': 1e-05}",0.24094676821350022,10.0,500.0,1.0,1e-05
[1 2 3 4 5 6 7],[1 2 3 4 5 6 7],"{'depth': 10, 'iterations': 500, 'l2_leaf_reg': 5.0, 'learning_rate': 1e-05}",0.2409469813155504,10.0,500.0,5.0,1e-05
[ 1  2  3  4  5  6  7  8  9 10 11 12 13 14 15 16 17 18 19 20 21],[ 1  2  3  4  5  6  7  8  9 10 11 12 13 14 15 16 17 18 19 20 21],"{'depth': 10, 'iterations': 500, 'l2_leaf_reg': 5.0, 'learning_rate': 1e-05}",0.2409590623958801,10.0,500.0,5.0,1e-05
[ 1  2  3  4  5  6  7  8  9 10 11 12 13 14 15 16 17 18 19 20 21],[ 1  2  3  4  5  6  7  8  9 10 11 12 13 14 15 16 17 18 19 20 21],"{'depth': 10, 'iterations': 500, 'l2_leaf_reg': 3.0, 'learning_rate': 1e-05}",0.24096071709577585,10.0,500.0,3.0,1e-05
[ 1  2  3  4  5  6  7  8  9 10 11 12 13 14 15 16 17 18 19 20 21],[ 1  2  3  4  5  6  7  8  9 10 11 12 13 14 15 16 17 18 19 20 21],"{'depth': 10, 'iterations': 500, 'l2_leaf_reg': 1.0, 'learning_rate': 1e-05}",0.24096234413490156,10.0,500.0,1.0,1e-05
[ 1  2  3  4  5  6  7  8  9 10 11 12 13 14],[ 1  2  3  4  5  6  7  8  9 10 11 12 13 14],"{'depth': 10, 'iterations': 500, 'l2_leaf_reg': 1.0, 'learning_rate': 1e-05}",0.24097956974584459,10.0,500.0,1.0,1e-05
[ 1  2  3  4  5  6  7  8  9 10 11 12 13 14],[ 1  2  3  4  5  6  7  8  9 10 11 12 13 14],"{'depth': 10, 'iterations': 500, 'l2_leaf_reg': 5.0, 'learning_rate': 1e-05}",0.24098002756046827,10.0,500.0,5.0,1e-05
[ 1  2  3  4  5  6  7  8  9 10 11 12 13 14],[ 1  2  3  4  5  6  7  8  9 10 11 12 13 14],"{'depth': 10, 'iterations': 500, 'l2_leaf_reg': 3.0, 'learning_rate': 1e-05}",0.2409815940790186,10.0,500.0,3.0,1e-05
[1 2 3 4 5 6 7],[1 2 3 4 5 6 7],"{'depth': 6, 'iterations': 500, 'l2_leaf_reg': 1.0, 'learning_rate': 1e-05}",0.24098339033682986,6.0,500.0,1.0,1e-05
[1 2 3 4 5 6 7],[1 2 3 4 5 6 7],"{'depth': 6, 'iterations': 500, 'l2_leaf_reg': 5.0, 'learning_rate': 1e-05}",0.24098806060586,6.0,500.0,5.0,1e-05
[1 2 3 4 5 6 7],[1 2 3 4 5 6 7],"{'depth': 6, 'iterations': 500, 'l2_leaf_reg': 3.0, 'learning_rate': 1e-05}",0.24099094486027767,6.0,500.0,3.0,1e-05
[ 1  2  3  4  5  6  7  8  9 10 11 12 13 14 15 16 17 18 19 20 21],[ 1  2  3  4  5  6  7  8  9 10 11 12 13 14 15 16 17 18 19 20 21],"{'depth': 6, 'iterations': 500, 'l2_leaf_reg': 5.0, 'learning_rate': 1e-05}",0.24101726346100646,6.0,500.0,5.0,1e-05
[ 1  2  3  4  5  6  7  8  9 10 11 12 13 14 15 16 17 18 19 20 21],[ 1  2  3  4  5  6  7  8  9 10 11 12 13 14 15 16 17 18 19 20 21],"{'depth': 6, 'iterations': 500, 'l2_leaf_reg': 1.0, 'learning_rate': 1e-05}",0.24101739579323286,6.0,500.0,1.0,1e-05
[ 1  2  3  4  5  6  7  8  9 10 11 12 13 14 15 16 17 18 19 20 21],[ 1  2  3  4  5  6  7  8  9 10 11 12 13 14 15 16 17 18 19 20 21],"{'depth': 6, 'iterations': 500, 'l2_leaf_reg': 3.0, 'learning_rate': 1e-05}",0.24101868790585596,6.0,500.0,3.0,1e-05
[ 1  2  3  4  5  6  7  8  9 10 11 12 13 14],[ 1  2  3  4  5  6  7  8  9 10 11 12 13 14],"{'depth': 6, 'iterations': 500, 'l2_leaf_reg': 5.0, 'learning_rate': 1e-05}",0.24103221207870204,6.0,500.0,5.0,1e-05
[ 1  2  3  4  5  6  7  8  9 10 11 12 13 14],[ 1  2  3  4  5  6  7  8  9 10 11 12 13 14],"{'depth': 6, 'iterations': 500, 'l2_leaf_reg': 3.0, 'learning_rate': 1e-05}",0.24103429497519474,6.0,500.0,3.0,1e-05
[ 1  2  3  4  5  6  7  8  9 10 11 12 13 14],[ 1  2  3  4  5  6  7  8  9 10 11 12 13 14],"{'depth': 6, 'iterations': 500, 'l2_leaf_reg': 1.0, 'learning_rate': 1e-05}",0.24103548443189016,6.0,500.0,1.0,1e-05
[1 2 3 4 5 6 7],[1 2 3 4 5 6 7],"{'depth': 2, 'iterations': 500, 'l2_leaf_reg': 5.0, 'learning_rate': 1e-05}",0.24109645168757768,2.0,500.0,5.0,1e-05
[1 2 3 4 5 6 7],[1 2 3 4 5 6 7],"{'depth': 2, 'iterations': 500, 'l2_leaf_reg': 3.0, 'learning_rate': 1e-05}",0.24109646483067412,2.0,500.0,3.0,1e-05
[1 2 3 4 5 6 7],[1 2 3 4 5 6 7],"{'depth': 2, 'iterations': 500, 'l2_leaf_reg': 1.0, 'learning_rate': 1e-05}",0.2410964808698083,2.0,500.0,1.0,1e-05
[ 1  2  3  4  5  6  7  8  9 10 11 12 13 14 15 16 17 18 19 20 21],[ 1  2  3  4  5  6  7  8  9 10 11 12 13 14 15 16 17 18 19 20 21],"{'depth': 2, 'iterations': 500, 'l2_leaf_reg': 5.0, 'learning_rate': 1e-05}",0.24116645794354666,2.0,500.0,5.0,1e-05
[ 1  2  3  4  5  6  7  8  9 10 11 12 13 14 15 16 17 18 19 20 21],[ 1  2  3  4  5  6  7  8  9 10 11 12 13 14 15 16 17 18 19 20 21],"{'depth': 2, 'iterations': 500, 'l2_leaf_reg': 1.0, 'learning_rate': 1e-05}",0.2411664821305395,2.0,500.0,1.0,1e-05
[ 1  2  3  4  5  6  7  8  9 10 11 12 13 14 15 16 17 18 19 20 21],[ 1  2  3  4  5  6  7  8  9 10 11 12 13 14 15 16 17 18 19 20 21],"{'depth': 2, 'iterations': 500, 'l2_leaf_reg': 3.0, 'learning_rate': 1e-05}",0.2411666407712036,2.0,500.0,3.0,1e-05
[ 1  2  3  4  5  6  7  8  9 10 11 12 13 14],[ 1  2  3  4  5  6  7  8  9 10 11 12 13 14],"{'depth': 2, 'iterations': 500, 'l2_leaf_reg': 3.0, 'learning_rate': 1e-05}",0.241167187214345,2.0,500.0,3.0,1e-05
[ 1  2  3  4  5  6  7  8  9 10 11 12 13 14],[ 1  2  3  4  5  6  7  8  9 10 11 12 13 14],"{'depth': 2, 'iterations': 500, 'l2_leaf_reg': 5.0, 'learning_rate': 1e-05}",0.24116719967482234,2.0,500.0,5.0,1e-05
[ 1  2  3  4  5  6  7  8  9 10 11 12 13 14],[ 1  2  3  4  5  6  7  8  9 10 11 12 13 14],"{'depth': 2, 'iterations': 500, 'l2_leaf_reg': 1.0, 'learning_rate': 1e-05}",0.2411672444531186,2.0,500.0,1.0,1e-05
